post_id,title,text,score,upvote_ratio,num_comments,created_utc,author,url,is_self,subreddit,timestamp
1kapj42,"UPS to cut 20,000 jobs on lower Amazon shipments, profit beats estimates",Guh,7188,0.98,475,1745937502.0,iiPhoenixAshes,https://finance.yahoo.com/news/ups-reports-fall-first-quarter-101325659.html,False,wallstreetbets,2025-04-29 23:18:03
1kafx3o,Exclusive | Walmart tells some Chinese suppliers to resume shipments amid trade war: sources,"The American retail giant will reportedly also bear the cost of any new tariffs, after the escalating US-China trade war slowed deliveries to a trickle. 

Some manufacturers in Chinaâ€™s Jiangsu and Zhejiang provinces â€“ export powerhouses that have been hit hard by the US-China trade war â€“ have been told by Walmart and other major US retailers to resume shipments in recent days, the Post has learned.

A major exporter of stationery and office products in the eastern city of Ningbo received a notification from Walmart on Monday to resume normal deliveries to the United States, weeks after a series of tit-for-tat tariff hikes between the worldâ€™s two largest economies slowed shipments to a trickle.

The costs of the new import duties will be borne by the US clients, the firm said. 
",2167,0.97,450,1745902458.0,BrokeAFpotato,https://www.scmp.com/economy/china-economy/article/3308290/walmart-has-told-some-chinese-suppliers-resume-shipments-sources,False,wallstreetbets,2025-04-29 23:18:03
1kakybk,"GM Suspends Guidance, Freezes Share Buyback on Trump Tariffs",,1668,0.96,214,1745923799.0,Wonderful_Arachnid66,https://www.bloomberg.com/news/articles/2025-04-29/gm-suspends-guidance-freezes-share-buyback-on-trump-tariffs,False,wallstreetbets,2025-04-29 23:18:03
1kaz82l,Well this canâ€™t be good â€¦. Right?,,1598,0.96,309,1745961389.0,Pristine_Humor5895,https://www.reddit.com/gallery/1kaz82l,False,wallstreetbets,2025-04-29 23:18:03
1kb01oy,"Bears and bulls must unite, for what is coming shall consume us all.","My enemies are after me, this post is my last communication to the outside world. Heed my warning and unite against the common foe, T-wrecks. ",1464,0.99,80,1745963467.0,daymanlol,https://i.redd.it/e4vtqtvfhuxe1.png,False,wallstreetbets,2025-04-29 23:18:04
1kamc4s,Hims & Hers soars 40% after partnering with Novo Nordisk to sell Wegovy on its platform,,880,0.97,90,1745928600.0,Brendawg324,https://ca.finance.yahoo.com/news/hims-hers-partners-novo-nordisk-114339514.html,False,wallstreetbets,2025-04-29 23:18:04
1kaijed,China says willing to cooperate with US firms after Boeing spat,,460,0.95,91,1745913303.0,None,https://www.bloomberg.com/news/articles/2025-04-29/china-says-willing-to-cooperate-with-us-firms-after-boeing-spat,False,wallstreetbets,2025-04-29 23:18:04
1kaylqf,Super Micro Plunges After Preliminary Results Miss Estimates,"Super Micro Computer Inc. tumbled in late trading after giving preliminary results that fell well short of analystsâ€™ estimates, a sign its comeback plan has been slow to gain traction. 

Sales were $4.5 billion to $4.6 billion in the fiscal third quarter, the company said in a statement Tuesday. That missed the analyst estimate of $5.35 billion and its own guidance of roughly $5.5 billion. Earnings, excluding some items, came in at 29 cents to 31 cents, compared with an estimate of 53 cents. 

During the period, some customer delayed their decisions, moving sales into the fourth quarter, Super Micro said. The report sent the shares down more than 17% in extended trading.

",397,0.97,77,1745959871.0,s1n0d3utscht3k,https://www.bloomberg.com/news/articles/2025-04-29/super-micro-plunges-after-its-prelimary-results-miss-estimates,False,wallstreetbets,2025-04-29 23:18:04
1kaxpm7,"Starbucks earnings miss, but coffee chain says it's seeing 'momentum' with turnaround",,340,0.93,125,1745957637.0,Force_Hammer,https://www.cnbc.com/2025/04/29/starbucks-sbux-q2-2025-earnings.html,False,wallstreetbets,2025-04-29 23:18:04
1kaf303,HIMS Due Diligence,"HIMS Technical analysis reveals a large runup about to happen.

Historically, every time it looks to squeeze out above $30, it violently shrinks back. While there was performance issues the past few weeks, after trying the new pills, it only goes up. 

Believe in the TA: Position: $100k+ shares.",318,0.93,67,1745899395.0,AleaBito,https://www.reddit.com/gallery/1kaf303,False,wallstreetbets,2025-04-29 23:18:04
1kawsl8,Nearly $50k TSLA put YOLO,,276,0.93,202,1745955331.0,inkognibro,https://i.redd.it/1or9l8ofttxe1.png,False,wallstreetbets,2025-04-29 23:18:04
1kao83z,"Sold my Tesla puts at the high yesterday 15-45 minutes before the drop, love to see it.",,250,0.97,70,1745934085.0,Prize_Investment1447,https://i.redd.it/qb0ukq6f2sxe1.jpeg,False,wallstreetbets,2025-04-29 23:18:04
1kak68e,"Daily Discussion Thread for April 29, 2025",This post contains content not supported on old Reddit. [Click here to view the full post](https://sh.reddit.com/r/wallstreetbets/comments/1kak68e),237,0.94,16587,1745920652.0,wsbapp,https://www.reddit.com/r/wallstreetbets/comments/1kak68e/daily_discussion_thread_for_april_29_2025/,True,wallstreetbets,2025-04-29 23:18:04
1kauasv,Guh - 0DTE Puts gone wrong,G,149,0.96,63,1745949157.0,Category_Thin,https://i.redd.it/jqbq8jq8btxe1.jpeg,False,wallstreetbets,2025-04-29 23:18:05
1kaxbg7,"What Are Your Moves Tomorrow, April 30, 2025",This post contains content not supported on old Reddit. [Click here to view the full post](https://sh.reddit.com/r/wallstreetbets/comments/1kaxbg7),135,0.91,8976,1745956660.0,wsbapp,https://www.reddit.com/r/wallstreetbets/comments/1kaxbg7/what_are_your_moves_tomorrow_april_30_2025/,True,wallstreetbets,2025-04-29 23:18:05
1kb4col,Should I hold or sell?,"Once upon a time I used my savings to go all
in. ",135,0.94,199,1745975624.0,OceanJean,https://i.redd.it/sus5l9yxhvxe1.jpeg,False,wallstreetbets,2025-04-29 23:18:05
1kawrjx,Wolfspeed Discussion - Is it a meme stock or a cool mid-term play?,"I've been following Wolf since it was like $6, so not that long.   
I thought it was a good long term play then but didn't buy.

Bought some with leverage at $2.4 and made something on the way, curious what you think about the weird recent action and the earnings call next week. 

Here's what I know so far in a tldr version.   
Might do a fully fledged DD if you regards don't hate too much on the stock because it's borderline meme. 



# Key Challenges

* Mohawk Valley fab at only 20% utilization
* Heavy capex + deep cash burn
* Pending $750M CHIPS Act funding
* 20% workforce reduction amid cost-cutting
* Poor investor sentiment + institutional exits

I get that some of it might make sense given they want to build capacity for the future market of EVs rather than the present. Nevertheless, they burn a lot of cash. Although, there are quite a few catalysts for the short to mid term.

# Catalysts

* **May 2025 Earnings**: Critical turning point for guidance/fab update
* **New CEO Bounce**: Feurleâ€™s credibility may reset the narrative
* **CHIPS Act Award**: Would ease balance sheet pressure
* **Rate Cuts**: Growth names like WOLF benefit most
* **EV Momentum**: 125 EV models using WOLF SiC tech
* **Bonus**: >[40% float shorted](https://www.wsj.com/articles/the-most-shorted-u-s-stock-is-this-indebted-chip-supplier-b60bc024) = maybe we see some volatile upside?



**Upside Scenario**

**Conditions**: âœ”ï¸ Fab ramps above 30% âœ”ï¸ CHIPS funding confirmed âœ”ï¸ New CEO delivers clarity and vision âœ”ï¸ Macro supports capital flows back into growth

  
**Downside Scenario:**  âœ”ï¸ Good ol' loss porn  

  
I know it's beaten down as hell, but would it go bust? I doubt it.   
I don't like the previous management, nor their financials, but I'm bullish on the new CEO.  
He's an industry veteran and actually was leading [a proposed acquisition](https://www.wolfspeed.com/company/news-events/news/cree-announces-termination-of-wolfspeed-and-infineon-sale-transaction/) of Wolfspeed by Infineon in 2017, which was shut down from the US gov because the tech is too sensitive. This tells me the guy knows the company for a long time and probably has some strong opinions.

   
Tempted to go Yolo if it drops further.

Thoughts?   


",115,0.93,74,1745955260.0,Kalakanos,https://www.reddit.com/r/wallstreetbets/comments/1kawrjx/wolfspeed_discussion_is_it_a_meme_stock_or_a_cool/,True,wallstreetbets,2025-04-29 23:18:05
1kaxvvp,Snap shelves quarterly forecast as economic uncertainty risks ad budgets,,110,0.95,31,1745958066.0,Force_Hammer,https://finance.yahoo.com/news/snap-shelves-quarterly-forecast-economic-201701330.html,False,wallstreetbets,2025-04-29 23:18:05
1kamhow,$HIMS Holding onto these into earnings?,Drug partnership with NVO. Letâ€™s see itâ€™s got time and think $50 test may happen.,100,0.93,44,1745929093.0,defervenkat,https://i.redd.it/vvqqr7zknrxe1.jpeg,False,wallstreetbets,2025-04-29 23:18:05
1katbrx,Visualizing the Last 10 Years of SPY Daily Percent Change (Open to Close),"https://preview.redd.it/dc5ieknz4txe1.png?width=622&format=png&auto=webp&s=99eb732b6fbf5c049788ab61fbcd6b65d803e240

I'm just going to ask straight up: if we sell calls each day, say 1.5% above the current price, does that mean the calls are less likely to be exercised and we get to keep the premiumâ€”then rinse and repeat the next day? I know there will edge cases to this strategy, but what's your opinion?",80,0.92,32,1745946807.0,True_Worth2590,https://www.reddit.com/r/wallstreetbets/comments/1katbrx/visualizing_the_last_10_years_of_spy_daily/,True,wallstreetbets,2025-04-29 23:18:05
1kaxgde,Thanks Elon!!!!,,77,0.82,47,1745956997.0,EggoPopTart,https://i.redd.it/5qt2uxeeytxe1.png,False,wallstreetbets,2025-04-29 23:18:05
1kazoyj,"Not only did I slice my hand open at work and get stitches, I also lost $4k :)",,68,0.9,24,1745962555.0,ta8274728,https://i.redd.it/e0t5yms2fuxe1.jpeg,False,wallstreetbets,2025-04-29 23:18:05
1karqlr,Am I regarded going against mstr?,I have been buying on inverse mstr whenever dip but it keeps on dipping! ,64,0.86,121,1745942957.0,Prestigious_Bison189,https://www.reddit.com/gallery/1karqlr,False,wallstreetbets,2025-04-29 23:18:05
1kb4edu,Wasnâ€™t expecting thisâ€¦,"February was cool at $88k peak from $12k, but now my $14.5k portfolio is going to be worth around $4k tomorrow. On the bright side I turned $9.5k to 25.5k via some fairy dust so thereâ€™s always that! I started investing with my money in September last year after paper trading since June and Iâ€™m still green even after a Great Depression , so Iâ€™ll take it. Only 19, so many more opportunities to come, starting with TEM earnings calls. Stay tuned!",50,0.87,58,1745975766.0,LcidWale,https://i.redd.it/mrfe6r5divxe1.jpeg,False,wallstreetbets,2025-04-29 23:18:06
1kaw64l,ðŸ’°$3K green on $FUTU calls â€” is this just luck or am I finally cooking? ðŸš€,"Scalped 20x $FUTU 87C for a nice $3K+ unrealized. Got in at 3.85 average, up over 30% on the day. Been mostly day trading premarket and keeping positions tight. Anyone else riding Chinese tech this week, or am I about to get rug pulled?

Not diamond hands, just quick fingers. Thoughts?

!\[screenshot\](put image here)",39,0.82,17,1745953742.0,HorizonGlow1120,https://i.redd.it/f1zy3qxqotxe1.png,False,wallstreetbets,2025-04-29 23:18:06
1kau8zt,HOOD on HOOD,"hood is a public bank finally made for retail. Regular Private banks would borrow money on margin and buy their own shares with it. therefore, increasing value of bank aum and earnings.  This drives the stock prices upwards. Normally this would be done when shares of said bank are 20-40% below ath. So they borrow money and buy the shares of the bank back and pay down the interest and selloff and repeat again. Now with HOOD we can do the same thing. We can buy HOOD stock and Use robinhood to hold it. robinhood stock would go up. ",30,0.82,26,1745949035.0,MinyMine,https://i.redd.it/f5a0tbqvatxe1.jpeg,False,wallstreetbets,2025-04-29 23:18:06
1kajzhf,HOOD TENDIES,,30,0.9,7,1745919844.0,Fragrant-Weird6034,https://i.redd.it/s4xzp4r2wqxe1.jpeg,False,wallstreetbets,2025-04-29 23:18:06
1kb3cfb,No Guh no glory. Vibes told me to cancel my stop losses last night. Delusional or ðŸ’Žï¼Ÿ,"DD- literally none of you mentioned LH in the past quarter so I knew it couldnâ€™t go tits up. On a more serious note, IV was below 35 and even ðŸ¥­ canâ€™t kill a duopoly. ",26,0.79,8,1745972607.0,badman_dont_PM_me,https://www.reddit.com/gallery/1kb3cfb,False,wallstreetbets,2025-04-29 23:18:06
1kb4qy9,$META Earnings already priced in â€” be careful on Calls,"Iâ€™ve noticed that when people expect something to happen in the market, they often price in the movement before it happens. Itâ€™s harder to make money off of that initial move, but itâ€™s easier to gamble on them being wrongâ€¦or less right. 

Especially around earnings time, as we all saw with TSLA, everyone knew their earning would be shit. So the stock moved like shit. Then the earnings were horrendous. And we pumped??? Iâ€™m well aware that TSLA is a meme stock and makes 0 sense, but I also believe that there is a lesson in that movement. 

I think there is a possibility of the flip side for META. Everyone thinks theyâ€™re going to have good earnings. The forecasts are high and the stock is up (with the rest of the market) in the last few days. 

Furthermore, in the past 10 *straight* quarters META has outperformed earnings estimates. Yet, they do not rise on earnings every time. Additionally, the news of AI advances and AD revenue has already been priced in, in my opinion, so I am doubting that this will affect META movement post earnings.

So, if everyone is *right* and META outperforms? I think we have an after hours pump followed by a market open selloff, from the pump, back to a modest gain. 

If META underperforms? Blood. Many are  expecting META to meet or beat expectations, as itâ€™s done for the past 10 quarters. 

If META meets forecasts? I think thereâ€™s a decent chance we see red movement due to a pre-pricing of good earnings. 

To back up this silly little thesis I have a table of METAâ€™s earnings reports along side the stockâ€™s movement the week before, movements in after-hours, the following day, and week. 

First thing youâ€™ll notice in this chart is that last quarter the data shows me to be wrong. To my knowledge the news of new ad strategies and AI advancements dropped then which contributed to the gain. The quarter before that however, the data shows me being correct. I also think that the high volatility of this market could heavily contribute to a drop on positive earnings. Look at $SNAP. 

Last thing Iâ€™ll add is earnings are always extremely unpredictable like everyone knows. Iâ€™m a regard who is trying to recognize a pattern where there may not be one, but god damn it Iâ€™ll lose money trying to find one! 

TL;DR 
I believe the market already priced in a positive earnings for META. Looking at past data, itâ€™s possible that even if META exceeds estimates, the stock will drop. And if earnings meet or are below expectations META should be strongly red. Iâ€™m not buying calls and would recommend being cautious. Puts could be the move but everything is a lotto around earnings. ",22,0.87,22,1745976812.0,Pale_Big_1744,https://www.reddit.com/gallery/1kb4qy9,False,wallstreetbets,2025-04-29 23:18:06
1kax5g9,"TSLA called, said she still loves me","All in on TSLA 285Cs expiring Friday. 21 contracts, average $8.40.

I thought I was about to get margin called and instead I got **Elonâ€™d**. +$5.4k today, portfolio feeling less homeless.

Not selling. Not hedging. Just raw dogging through IV like a true ape",20,0.74,15,1745956237.0,jwhouse538,https://i.redd.it/zlolyrs4wtxe1.jpeg,False,wallstreetbets,2025-04-29 23:18:06
1k7qtvb,Tesla Puts Will Print Next Week,This is not cope I swear,7917,0.97,528,1745602436.0,ineed1billiondollars,https://i.redd.it/kz93lwi9o0xe1.jpeg,False,wallstreetbets,2025-04-29 23:19:17
1k73gjm,Thereâ€™s a bubble!!,"Interest rates rising, job losses and high cost of living. ",7494,0.99,210,1745528838.0,hornblower_83,https://i.redd.it/r556411fluwe1.jpeg,False,wallstreetbets,2025-04-29 23:19:17
1k5vy0i,Retailers I work with are already projecting 30%+ revenue loss over 2025. We haven't even begun to feel the damage from tariffs yet.,"I work at a SAAS company that provides services to retailers that sell things like clothing, home-goods, electronics, shoes etc. Think Levi-Strauss, Adidas, BestBuy.

My POCs are freaking out. One POC said their company is figuring out the feasibility of moving warehouses to other countries to avoid supply chain risk. One company told me their customers are calling them asking where their orders areâ€“the packages are all being held in US ports until the customers ***pay the tariffs for the goods directly.*** Yes, you read that right. These companies are gonna lower revenue guidance by 30%+

Even if Trump and Xi agree to lower tariffs substantially (which seems unlikely to me â€“Â Trump has been consistently talking about tariffs on China for decades), I'm not sure how much of the damage can be walked back. Once a company has a freak out about supply chains and tariffs they're going to take action to mitigate risks in case orange face does it again. And there's no chance in hell they're going to be hiring in this kind of risky environment.

I think we're headed for years of negative real GDP growth. Besides unemployment from the retail sector, we're going to have million+ government works laid off by DOGE, and small to medium tech companies are going to lose contracts. (Who's gonna keep paying Hubspot or Monday a few hundred grand a year when GDP growth is negative)

Not much looks investable in this environment. The only thing I like are gold miners (GDX, GDXJ). Even if gold takes a healthy haircut here, the miners are priced as if gold is at like $2000 an ounce, not $3000. These are basically companies that turn oil into gold, and in a deep recession, oil prices will also drop.

Good luck to us all. We'll need it.",7428,0.95,901,1745404669.0,ephyfish,https://www.reddit.com/r/wallstreetbets/comments/1k5vy0i/retailers_i_work_with_are_already_projecting_30/,True,wallstreetbets,2025-04-29 23:19:17
1kapj42,"UPS to cut 20,000 jobs on lower Amazon shipments, profit beats estimates",Guh,7204,0.98,476,1745937502.0,iiPhoenixAshes,https://finance.yahoo.com/news/ups-reports-fall-first-quarter-101325659.html,False,wallstreetbets,2025-04-29 23:19:17
1ka1x8r,JPow Announces Plan For Rate Cuts,"A traditional barbershop he's opening in Harlem next month, after Trump fires him Apprentice-Style and SCOTUS rules it's all legit as long as he does it on network television. 

Tbh a good decision, hair is certainly a growth market. ",6720,0.9,124,1745862814.0,usualnamesweretaken,https://i.redd.it/altgx1rh6mxe1.png,False,wallstreetbets,2025-04-29 23:19:17
1k5sxqo,The Market didn't care about Tesla's Earnings. Here's why. TLDR? It's not rigged,"Everyoneâ€™s tripping out about why Tesla is ripping after awful earnings, so hereâ€™s whatâ€™s actually going on, Â and what might happen tomorrow and the next few weeks. Tesla reported after hours. Margins are down, revenue is weak, guidance is fuzzy, and Elon pulled out the usual robotaxi speech, tariffs are bad, cheaper cars, robots making cars.... But instead of tanking, the stock jumped. Why?

Short answer: markets donâ€™t just trade the news, Â they trade positioning and expectations.

Hereâ€™s how it works:

Before earnings, implied volatility (IV) was high. That means options, Â especially puts, Â were expensive. Everyone was hedging or speculating on a big drop. If you bought puts, you and everyone else were betting Tesla would move more than the expected range.

But Tesla didnâ€™t crash. It didnâ€™t even dip. It went up.

So tomorrow morning, we will likely see IV crush when IV drops hard after earnings. Thatâ€™s where Vega comes in. Vega measures how much an optionâ€™s price changes in relation to its implied volatility (IV). If youâ€™re holding puts, and IV collapses, those options lose value quickly, even if Tesla trades in your direction or sideways.

Now letâ€™s talk about the feedback loop; this is where things get interesting. Market makers (dealers) are usually on the other side of all those puts. If they sell you a put, theyâ€™re taking on directional risk; if Tesla drops, they lose. So to protect themselves, they hedge.

For puts, that means shorting the stock to stay neutral. If the stock drops, their short hedge offsets their option losses.

But if the stock doesnâ€™t drop, Â or even worse, it goes up, they have to buy back their hedge to avoid getting wrecked. That buying pushes the stock price higher. And as the stock goes higher, they need to buy more to stay hedged. Thatâ€™s a gamma feedback loop.

Add in short sellers covering their positions and a few retail traders chasing the pop, and suddenly you have a rally that feeds itself, even if the earnings were bad.

But it doesnâ€™t mean the move is real or sustainable.

The big dogs (institutions) havenâ€™t even acted yet. Theyâ€™ll dissect the call overnight and into the next day. Some might sell the rip. Some might rebalance slowly over a few days. The real move sometimes doesnâ€™t hit until later.

Letâ€™s be real, Â this game isnâ€™t just about puts and calls. Market makers, hedge funds, and institutional players have access to insane levels of data. They have entire teams of quants, analysts, PhDs, and machines that track options flow, gamma exposure, CBOE positioning, bond yields, Fed swaps, commodities, FX correlations; you name it. They donâ€™t just trade the headlines; they trade the reaction to positioning around the headlines. They model the crowdâ€™s behavior before the crowd even makes a move.

If this were as simple as â€œbad earnings = buy puts,â€ everyone would be rich. But itâ€™s not. The options market is one of the deepest and most complex systems on the market. Thatâ€™s why insider trading is illegal, and why billionaires get into politics, Â to legally front-run the economy and gain access to real-time information that actually moves markets. Thatâ€™s why your broker has analytics for gamma exposure, skew, delta hedging zones, not because itâ€™s nice to have, but because itâ€™s necessary if you want to survive in this ecosystem.

Yeah, some retail traders make big money, sometimes, Â but thatâ€™s gambling. Without context, youâ€™re flipping a coin. 

This wasnâ€™t about fundamentals. It was about positioning, hedging mechanics, and options flow.  
The market punished the crowded trade, as it always does.

So no, the system isnâ€™t rigged. Itâ€™s just math, flow, and positioning. The market punishes the crowded trade. Too many people bet on a collapse, so the opposite happened.

Welcome to the dealerâ€™s game.",6446,0.89,647,1745391801.0,Wiser-dude,https://i.redd.it/ffoy3bji8jwe1.png,False,wallstreetbets,2025-04-29 23:19:18
1k5vdtw,EU fines Apple â‚¬500M and Meta â‚¬200M for breaking Europeâ€™s digital rules,,5428,0.98,452,1745402476.0,RubHog,https://www.politico.eu/article/eu-fines-apple-meta-breaking-europe-digital-markets-act-dma/,False,wallstreetbets,2025-04-29 23:19:18
1k8j386,"When the stock market close, the real gambling begins..","Sky River, in California. Here to lose more money. ",4456,0.96,185,1745690510.0,DasherLao,https://i.redd.it/cy1muvb5y7xe1.jpeg,False,wallstreetbets,2025-04-29 23:19:18
1k802js,Stuck in an elevator. Puts on Intel,,4359,0.97,198,1745626829.0,walnuh77,https://i.redd.it/z4jcmxeso2xe1.jpeg,False,wallstreetbets,2025-04-29 23:19:18
1k60455,"$500 to $18k overnight (3,000% gain)",Yesterday I bought 60 contracts of 545c expiring today for about $9 each. Sold them this morning for about $307 each,4343,0.96,478,1745417359.0,8v2HokiePokie8v2,https://www.reddit.com/gallery/1k60455,False,wallstreetbets,2025-04-29 23:19:18
1k63r07,TESLA is forming a nice descending triangle. Your time is coming tesla bears!,"Tesla is forming a nice descending triangle on the daily chart. It is obeying the trend line very beautifully, almost too good. Only a matter of when rather than if, for it to break the support line and continue on its path to the seventh hell. I am guessing by mid-May we will likely witness that wonderful moment. Good Luck bears!",4112,0.93,492,1745426265.0,retiredalavalathi,https://i.redd.it/jy8wfil83mwe1.png,False,wallstreetbets,2025-04-29 23:19:18
1k748cz,Tell me how rich Iâ€™m going to be tomorrow. (Google ER),Wendyâ€™s for everyone!!! ,4036,0.93,632,1745530828.0,RevolutionaryTitle32,https://i.redd.it/8fzgv04cruwe1.jpeg,False,wallstreetbets,2025-04-29 23:19:18
1k6e5bf,"Southwest to cut flights this year, pulls guidance, citing 'macroeconomic uncertainty'. Airlines is a fixed cost industry","like jetblue, southwest usually relies on its canadian customer base for some destinations; not that it is very important, but small variations can make big differences. Macroeconomic uncertainties means, We donâ€™t really know shâ€¦t about where we are going. Well, thank you pilot! Full effect of tariffs and bullying will kick in Q3 earnings release

https://www.cnbc.com/2025/04/23/southwest-airlines-luv-earnings-q1-2025.html

https://finance.yahoo.com/news/very-rapid-drop-domestic-demand-182820043.html


https://sherwood.news/business/us-airlines-in-a-recession-southwest-ceo/

Airlines and Hospitality are high fixed cost Industries( the one you still incur with or without revenue); unless you are operating on a very limited service business model, Low contribution margin and high fixed cost are bad for even small variations in load factor and occupancy rates. Break even point is around 60 to 65 percent annualized load factor or occupancy rates for low cost, higher for middle to upper scale. Airlines flagship survive only because of national pride and government involvement . Also, These industries are good proxies to assess if we are in recession, the depth and if we are recovering. By all adjacent metrics ( skilled/quality mix, the one that pay high price, i.e business customers and meeting incentive conference exhibitions) and leisure customer ( low paying) we are already in recession. It will fully show in other hospitality companies, airlines and other industries in Q2 earnings. You may want to check the latest Management discussion and analysis of these companies ( and possible that they stay silent or conservative to avoid stock beating) we are going for a bumpy ride, tariffs or not tariffs unless the US customer can survive with The USA in isolation. Inflation up because of tariffs and unemployment up soon; where is monetary policy going? Stock market, for all stocks may be except nvidia, not enough sustainable catalyst to go in the middle of the 52 weeks range, overall more downside than upside. Stock are going up? sure, option cleaning, just dancing .Update after q2 and q3 earnings release..for full impact. 
Overall, from the Top, a very very bigly bad chess, where the second piece moved was the king, and the king hasnâ€™t stopped moving since in all direction, and the dragon is secretly smiling 

for the redditor challenging the statement that airlines operate in mainly fixed cost industry ( you still have to pay aircraft lease, airport fees, routine maintenance and maintenance capex, air route rights, craft parking and tarmac fees, some salaries lines will stay fixed), do your due diligence, this link is for you https://www.spsairbuz.com/story/?id=964 
 post updated here : 

https://www.reddit.com/r/wallstreetbets/s/6U6MnuzJsr",3072,0.97,409,1745452224.0,azavio,https://www.reddit.com/r/wallstreetbets/comments/1k6e5bf/southwest_to_cut_flights_this_year_pulls_guidance/,True,wallstreetbets,2025-04-29 23:19:18
1k71ebv,Southwest CEO Says US Airline Industry Is Already in a Recession,,2908,0.99,255,1745523743.0,Aggressive_Luck27,https://www.bloomberg.com/news/articles/2025-04-24/southwest-ceo-says-us-airline-industry-is-already-in-a-recession,False,wallstreetbets,2025-04-29 23:19:18
1k9r8ba,The Art Of The Trade,,2876,0.97,73,1745831846.0,Lower_Writer8250,https://i.redd.it/jpkjospbmjxe1.jpeg,False,wallstreetbets,2025-04-29 23:19:19
1ka75go,Lost all my money -$15k today,24M $70k a year income and lost all my money today. Down about $45k all time trading (gambling) and I hate myself every day for it. Thought I could get a quick win today with a gap fill and never saw green once lol. I give up forever but just wanted to share my loss porn. ,2742,0.94,798,1745875757.0,Cute_Support9525,https://i.redd.it/0nbh8zkz8nxe1.jpeg,False,wallstreetbets,2025-04-29 23:19:19
1k5rj4j,Today's Pump is Exit Liquidity - Prove me wrong,"I think this pump is exit liquidity, fundamentally nothing has changed, the tariffs are still on. Bessent clearly stated talks with China have not started yet and could take awhile. Also, Obviously, if a deal is agreed upon, the tariffs would be nowhere near 145% - Trump did not say he is lowering China tariffs effective immediately. 

And of course Trump would say he has no intention of firing Powell to the press. Thus far, Powell has not done anything that would be viewed as not performing his duty, in which case the president would be able to terminate him. 

All the news that came out today is just the media twisting the headlines/clickbaits. People need to read beyond just the title of news articles.",2708,0.92,654,1745386068.0,duasolutions88,https://www.reddit.com/r/wallstreetbets/comments/1k5rj4j/todays_pump_is_exit_liquidity_prove_me_wrong/,True,wallstreetbets,2025-04-29 23:19:19
1k71daq,A Very Rapid' Drop In Domestic Demand Is Hitting Airlines,"
Complement to a former post. 
Any jump in airlines stock price is just dancing around for now

The Travel crisis that is emerging will affect other industries that profit from tourism, like real estate and Banks

https://finance.yahoo.com/news/very-rapid-drop-domestic-demand-182820043.html

https://www.reddit.com/r/wallstreetbets/s/7nEvEsNjpp

https://sherwood.news/business/us-airlines-in-a-recession-southwest-ceo/

On the international front, for majors Airlines, Chinese and other Asian international tourists are crucial to their long-haul operations. Shanghai Pudong round trip to Dallas-Fort Worth is a common route that is seing drastic decrease for AAL.

A downturn in both leisure and business tourism leads to reduced hotel occupancy rates, lower room pricing, and decreased revenue, particularly in tourist-centric cities like Las Vegas, Orlando, and New York City.

Companies/stock potentially affected: Host Hotels & Resorts Inc., Park Hotels & Resorts Inc. 

Tenet Healthcare (THC) â€“ Dallas, TX maybe affcted too. They owns hospitals and medical centers, some of which attract foreign patients for medical tourism.

Carnival Corporation (CCL) â€“ Miami, FL, worldâ€™s largest cruise line, heavily dependent on international tourists, including Chinese travelers.

Royal Caribbean Group (RCL) â€“ Miami, FL, same as Carnival, with an even more aggressive focus on Asia-Pacific expansion, including China-based cruise itineraries.

Airbnb: decrease of international travel and domestic travellers worrying about host calling Ice on them for deportation , just because why not?
Many Buffalo/NY small businesses rely on Canadian spending. If revenue drop, they cant pay rent, if they cant pay rent, landlords cant service mortage debt. More businesses will close like in covid or after covid.

Lennar Corporation (LEN) â€“ Miami, FL, one of the largest homebuilders in the U.S has lot of Chinese buyers: Florida (and Texas) have been targets for foreign real estate investment, particularly by Chinese nationals seeking EB-5 visas or U.S. property. So real estate may be affected too, in this case, may be it will relieve pressure on prices, not sure. But for REITS (real estate investment trusts) that owns properties leased to Hotels and restaurants or Malls or international student housing that depends on international travellers or Transit/transcient business, trouble are ahead in all major US Cities. 

Event Spaces & Convention Centers: A reduction in MICE (Meetings, Incentives, Conferences, Exhibitions) activities weakens demand for event spaces and the surrounding businesses that support them. ALL major hotels brand affected.

Diversified REITs: These entities, with portfolios spanning retail, hotel, and mixed-use developments in major gateway cities, face indirect impacts from the downturn in tourism and international student presence: Vornado Realty Trust (VNO), BXP, Inc. (BXP)

The third financed asset in size for all major banks after government bonds and other bank is real estate ( commercial and residential)

also, if all foreign countries keep rejecting boeing planes delivery like china, it is the whole aerospace sector that is going down with all of the small industries and SMEs that their business model feeds. 

https://fortune.com/article/boeing-ceo-trump-china-tariff-trade-war-planes-economy/

Well no wonder T is saying now: we are discussing with China, but they said: heuuu, no we are not discussing yet. remove all tariffs first, holder of negotiation power is obvious. So until all of this is fixed and factoring at least few months of starring, the crash is coming.

And we have not even talked about the soccer world cup being potentially cancelled in a year by the US, by FiFa or by implicit boycott by countries outside of Usa because not safe and impact on existing contracts with airlines, hotels and hosting cities that have spent millions


All of this might sound exaggerated, but at this point, given what we have been seeing and hearing lately, anything is possible.

I wonâ€™t hold a high position when shorting airlines, since they are highly volatile and already close to 52 weeks low. but I will average up a short position. Should back test Covid trading range volatility to see how low it can get",2600,0.98,329,1745523671.0,azavio,https://www.reddit.com/r/wallstreetbets/comments/1k71daq/a_very_rapid_drop_in_domestic_demand_is_hitting/,True,wallstreetbets,2025-04-29 23:19:19
1k7pjer,I am capitulating due to Tariff war.,"My portfolio due to USA Tariff war. Out of my invested 18,300 USD, 15,000 USD are now gone. It took me many years to save my money, and now 84% of has gone down the toilet. I am capitulating. What did I do: During the last 7 months, I gambled in NVDL and TQQQ, and when I lost a lot due to tariff war, I moved to SQQQ and market flew up, so I lost even more. The market moved against my bets 99% of the time. I suck horribly as a trader. I am in my 40's, male, education: Bsc. Computer programmer. I am not stupid, but I was greedy and reckless. I bet on leveraged ETFs, and greedy pigs get slaughtered. I miss my money so much ðŸ˜­",2503,0.93,532,1745599285.0,sunny1270,https://www.reddit.com/gallery/1k7pjer,False,wallstreetbets,2025-04-29 23:19:19
1k81wrh,"In addition to layoffs, Intel plans 1.5 billion in cost reductions and mandatory return to office","Gram gram donâ€™t look, your grandchild didnâ€™t know any better. ",2474,0.98,339,1745632664.0,Presenthings,https://www.tomshardware.com/pc-components/cpus/intel-ceo-announces-layoffs-restructuring-expanded-return-to-office-mandate,False,wallstreetbets,2025-04-29 23:19:19
1kafx3o,Exclusive | Walmart tells some Chinese suppliers to resume shipments amid trade war: sources,"The American retail giant will reportedly also bear the cost of any new tariffs, after the escalating US-China trade war slowed deliveries to a trickle. 

Some manufacturers in Chinaâ€™s Jiangsu and Zhejiang provinces â€“ export powerhouses that have been hit hard by the US-China trade war â€“ have been told by Walmart and other major US retailers to resume shipments in recent days, the Post has learned.

A major exporter of stationery and office products in the eastern city of Ningbo received a notification from Walmart on Monday to resume normal deliveries to the United States, weeks after a series of tit-for-tat tariff hikes between the worldâ€™s two largest economies slowed shipments to a trickle.

The costs of the new import duties will be borne by the US clients, the firm said. 
",2164,0.97,450,1745902458.0,BrokeAFpotato,https://www.scmp.com/economy/china-economy/article/3308290/walmart-has-told-some-chinese-suppliers-resume-shipments-sources,False,wallstreetbets,2025-04-29 23:19:19
1k62347,Bessent Says No Unilateral Offer From Trump to Cut China Tariffs,"Treasury Secretary Scott Bessent said that President Donald Trump hasnâ€™t offered to take down US tariffs on China on a unilateral basis.

There has been no unilateral offer from Trump to reduce tariffs on China, Bessent told reporters Wednesday in answering questions after a keynote speech at an Institute of International Finance event in Washington.

Trump on Tuesday had said that US tariffs â€œwill come down substantially but it wonâ€™t be zero,â€ and that he didnâ€™t see the need to â€œplay hardballâ€ with Chinese leader Xi Jinping.

Bessent said that the Trump administration is looking at multiple factors with regard to China beyond just tariffs â€” including non-tariff barriers and government subsidies. He also said that the strongest relationship between Washington and Beijing is at the top, and that there was no timeframe for engagement. He said that a full rebalancing of trade might take two to three years.

Trump said separately on Wednesday that the US is going to have a fair deal with China.

The Treasury chief also said that the US and India are â€œvery closeâ€ on a trade agreement. He reiterated that a satisfactory arrangement doesnâ€™t mean an actual trade document â€” signaling, as he has before, that initial deals with trading partners will be a broad framework rather than a detailed trade agreement.",1662,0.97,316,1745422253.0,s1n0d3utscht3k,https://www.bloomberg.com/news/articles/2025-04-23/bessent-says-no-unilateral-offer-from-trump-to-cut-china-tariffs,False,wallstreetbets,2025-04-29 23:19:19
1kakybk,"GM Suspends Guidance, Freezes Share Buyback on Trump Tariffs",,1670,0.96,214,1745923799.0,Wonderful_Arachnid66,https://www.bloomberg.com/news/articles/2025-04-29/gm-suspends-guidance-freezes-share-buyback-on-trump-tariffs,False,wallstreetbets,2025-04-29 23:19:19
1k66zh7,"US economic output hits 16-month low in April, expectations crater","https://finance.yahoo.com/news/us-economic-output-hits-16-month-low-in-april-expectations-crater-153056832.html


",1642,0.97,137,1745434003.0,azavio,https://www.reddit.com/r/wallstreetbets/comments/1k66zh7/us_economic_output_hits_16month_low_in_april/,True,wallstreetbets,2025-04-29 23:19:19
1kaz82l,Well this canâ€™t be good â€¦. Right?,,1610,0.96,309,1745961389.0,Pristine_Humor5895,https://www.reddit.com/gallery/1kaz82l,False,wallstreetbets,2025-04-29 23:19:20
1k9azf5,Is This Market Bounce a Trap? Rising Risks Could Signal More Downside (April 2025),"The market bounced last week.
But donâ€™t be fooled â€” this is classic fakeout territory.
Hereâ€™s why:

Historical Patterns After Crashes:
- In 2008, the S&P jumped +19% â€” then collapsed another -28%.
- In 2000, Nasdaq bounced +40% â€” only to plummet -70%.
- In 2020, a +10% bounce quickly turned into a -35% crash.
â†’ Early recoveries are often just a setup for the next drop.

Todayâ€™s Risks (April 2025):
- Trumpâ€™s tariffs on China and global imports continue to rise, creating massive inflationary pressure.
- This will crush margins and slow growth, while keeping the Fed stuck.
- No rate cuts in sight â€” just higher taxes and stagflation risks.
- Corporate earnings already under strain. Revisions getting ugly.
- Credit stress is rising. Spreads are widening.
- Retail is still all-in, buying this dip with no clear catalyst for recovery.

Bottom Line:
- History shows that first green candles after selloffs are headfakes.
- The marketâ€™s core fundamentals are weakening, not improving.
- This rally is probably just short covering and FOMO â€” not real recovery.
- Real bottoms happen after fear â€” not wishful thinking.

TLDR:
This bounce is dangerous. With rising tariffs, inflation, and collapsing earnings, the real risk is much lower, not higher.
Stay cautious â€” donâ€™t get trapped by the rally.",1465,0.92,532,1745778867.0,LimpiXX,https://www.reddit.com/r/wallstreetbets/comments/1k9azf5/is_this_market_bounce_a_trap_rising_risks_could/,True,wallstreetbets,2025-04-29 23:19:20
1k5quro,"China asks Korea not to supply products using rare earths to US defence firms, paper reports",,1443,0.97,199,1745383502.0,cdmjlee,https://ca.finance.yahoo.com/news/china-asks-korea-not-export-105232149.html,False,wallstreetbets,2025-04-29 23:19:20
1k6az3e,$8.9k â€”> $67.7k overnight,"Bought 100 1DTE SPY 535câ€™s at 4:07pm yesterday and closed them at open today. Figured TSLA earning would be dogshit which of course will mean a big pump.

Set a trailing stop loss of $0.69 at open and got stopped out right before the 1% pop and left 30k-40k on the table, but Iâ€™m not allowed to make money in here so Iâ€™m stoked on it.

Doubled my fun account. Holding $30k in LEAPs on SMCI and SOUN and thinking about $25k into some SPY 500pâ€™s for July to hedge both portfolios which now total $677k ($440k long / $227k cash aka 4% money market for dips) just in case we re-test those lows. If we do then Iâ€™ll realize some losses on some of the more beat down shares and put the short gains into leaps/shares",1432,0.95,89,1745443765.0,More_Advertising_383,https://www.reddit.com/gallery/1k6az3e,False,wallstreetbets,2025-04-29 23:19:20
1kb01oy,"Bears and bulls must unite, for what is coming shall consume us all.","My enemies are after me, this post is my last communication to the outside world. Heed my warning and unite against the common foe, T-wrecks. ",1457,0.99,81,1745963467.0,daymanlol,https://i.redd.it/e4vtqtvfhuxe1.png,False,wallstreetbets,2025-04-29 23:19:20
1k6vi6j,Trump aims to fight Chinaâ€™s control of minerals by investing in miners,Hmm. Maybe about time our government starts subsidizing this sector. ,1289,0.94,402,1745509554.0,obvious-shit,https://www.cnbc.com/2025/04/24/trump-weighs-investments-in-critical-mineral-companies-burgum-says.html,False,wallstreetbets,2025-04-29 23:19:20
